node,beta,degree
n0,-3.51991143906438,6
n100,-1.94160240624576,28
n1006,-1.43818987385348,45
n1009,-2.34480010856028,19
n1011,-0.559227572591565,99
n1014,-1.94160240624577,28
n10168,-4.2182609136025,3
n1018,-3.36402889844668,7
n1024,-1.56446375821739,40
n1032,-1.67663181284106,36
n10381,-5.32034712090361,1
n1048,-2.45946557240675,17
n10490,-4.2182609136025,3
n105,-1.2610167111047,53
n1053,-2.58807250110575,15
n1060,-2.73462116602256,13
n1078,-1.90480099215796,29
n1084,-3.51991143906438,6
n1087,-2.65878877372373,14
n109,-2.90512719009219,11
n11043,-3.92884361178356,4
n1114,-3.36402889844668,7
n1117,-2.58807250110575,15
n11185,-5.32034712090361,1
n1126,-2.45946557240675,17
n1127,-1.46235927362908,44
n1134,-1.83469209599483,31
n1143,-1.53807134094284,41
n11438,-4.62546239996182,2
n11459,-3.92884361178357,4
n1152,-3.10925402987224,9
n11557,-4.62546239996182,2
n1156,-2.10260251764155,24
n117,-2.90512719009219,11
n1171,-2.01913326864473,26
n1175,-1.59148219783467,39
n1177,-1.00303272350237,67
n1179,-0.29281969152083,124
n1181,-3.00216491085157,10
n1186,-3.36402889844668,7
n1187,-1.80123595697192,32
n1189,-0.189785021001322,135
n119,-2.73462116602256,13
n1204,-2.90512719009219,11
n1218,-1.80123595697192,32
n122,-3.51991143906438,6
n1220,-3.10925402987224,9
n124,-2.34480010856028,19
n1242,-3.51991143906438,6
n1245,-3.92884361178356,4
n1248,-2.34480010856028,19
n125,-3.51991143906438,6
n126,-1.3462538899008,49
n1265,-2.10260251764155,24
n1269,-2.24128070372103,21
n1271,-2.45946557240675,17
n1286,-2.06006679230716,25
n129,-4.2182609136025,3
n131,-2.81638932330843,12
n1310,-2.52181158765623,16
n1324,-3.00216491085157,10
n1325,-1.10694057450043,61
n1334,-1.1624260485613,58
n1341,-1.39131408225435,47
n1352,-1.76875772912284,33
n1358,-1.86919023742149,30
n1360,-2.19304414862394,22
n1361,-1.67663181284106,36
n1369,-2.40058675432394,18
n1370,-2.58807250110575,15
n1376,-2.73462116602256,13
n139,-3.22876674281693,8
n1395,-2.34480010856028,19
n14,-1.56446375821739,40
n1403,-1.70650668077122,35
n1405,-1.73719906213548,34
n1407,-2.06006679230716,25
n1408,-2.58807250110575,15
n1452,-3.51991143906438,6
n1453,-4.62546239996182,2
n1468,-3.10925402987224,9
n1479,-2.90512719009219,11
n1488,-3.70396596678197,5
n1493,-2.40058675432394,18
n1494,-2.52181158765623,16
n150,-3.70396596678196,5
n1504,-1.76875772912284,33
n1509,-2.24128070372103,21
n1511,-1.30286421198043,51
n1520,-2.65878877372373,14
n1522,-1.97968104286878,27
n1529,-3.92884361178357,4
n153,-2.90512719009219,11
n1532,-0.762107777997569,83
n1536,-2.10260251764155,24
n1542,-2.29178836023261,20
n1549,-3.10925402987224,9
n1551,-2.29178836023261,20
n1565,-1.90480099215796,29
n157,-2.81638932330843,12
n1571,-1.03669814678652,65
n1579,-2.19304414862394,22
n1586,-2.73462116602256,13
n1587,-2.45946557240675,17
n1588,-1.94160240624576,28
n1589,-0.582952379119752,97
n1593,-1.94160240624576,28
n1595,-1.59148219783467,39
n1598,-2.65878877372373,14
n1602,-2.90512719009219,11
n1620,-2.81638932330843,12
n1632,-2.45946557240675,17
n1633,-2.73462116602256,13
n1644,-2.10260251764155,24
n1648,-3.22876674281693,8
n1662,-2.19304414862394,22
n1667,-3.70396596678197,5
n1677,-4.2182609136025,3
n1685,-2.14687679098636,23
n1687,-3.00216491085157,10
n1710,-2.01913326864473,26
n1711,-2.90512719009219,11
n172,-1.94160240624576,28
n1737,-1.28175512746789,52
n1740,-3.70396596678196,5
n1741,-1.59148219783467,39
n1745,-5.32034712090361,1
n1746,-1.2610167111047,53
n1752,-3.70396596678196,5
n1767,-2.73462116602256,13
n177,-2.01913326864473,26
n1771,-2.06006679230716,25
n1776,-1.14364598793189,59
n1781,-3.00216491085157,10
n1808,-0.748463997451662,84
n1829,-2.24128070372103,21
n1837,-2.81638932330843,12
n184,-0.571037592326549,98
n1843,-3.22876674281693,8
n1867,-3.36402889844668,7
n1868,-0.535913509034787,101
n1885,-2.24128070372103,21
n1897,-2.14687679098636,23
n1912,-1.73719906213548,34
n1914,-2.01913326864473,26
n1921,-1.80123595697192,32
n1932,-2.65878877372373,14
n1934,-2.58807250110575,15
n1947,-2.19304414862394,22
n1949,-2.65878877372373,14
n1954,-1.73719906213548,34
n1955,-2.81638932330843,12
n1963,-0.803928661240424,80
n1964,-2.52181158765623,16
n1977,-1.76875772912284,33
n1981,-2.29178836023261,20
n1984,-1.64752969557201,37
n1986,-2.24128070372103,21
n1995,-3.22876674281693,8
n2,-0.403817285497485,113
n2003,-2.52181158765623,16
n2022,-2.14687679098636,23
n2031,-3.51991143906438,6
n2034,-2.58807250110575,15
n206,-1.18150417633145,57
n2073,-2.34480010856028,19
n2075,-1.94160240624576,28
n208,-2.81638932330843,12
n2086,-0.938334083571598,71
n2099,0.105311886129367,171
n2115,-2.90512719009219,11
n2127,-1.3462538899008,49
n2129,-1.08899668187074,62
n2149,-2.81638932330843,12
n2150,-1.41451522733064,46
n2156,-2.06006679230716,25
n2157,-2.81638932330843,12
n217,-3.36402889844668,7
n2179,-2.65878877372373,14
n2189,-2.06006679230716,25
n2197,-1.59148219783467,39
n2203,-4.2182609136025,3
n2211,-2.10260251764155,24
n2212,-2.58807250110575,15
n2224,-2.45946557240675,17
n2228,-2.58807250110575,15
n2232,-3.92884361178357,4
n2249,-2.40058675432394,18
n2269,-3.22876674281693,8
n2282,-2.24128070372103,21
n2285,-1.97968104286878,27
n2303,-2.29178836023261,20
n2342,-2.01913326864473,26
n2352,-2.90512719009219,11
n2364,-2.29178836023261,20
n237,-1.4870461441925,43
n2370,-2.45946557240675,17
n2372,-3.70396596678197,5
n2390,-1.2610167111047,53
n2391,-1.73719906213548,34
n2395,-2.73462116602256,13
n24,-1.73719906213548,34
n240,-2.34480010856028,19
n2414,-2.58807250110575,15
n2419,-1.39131408225435,47
n2423,-3.10925402987224,9
n2432,-0.876826008826669,75
n2449,-2.01913326864473,26
n2451,-1.56446375821739,40
n247,-3.36402889844668,7
n2473,-1.86919023742149,30
n2480,-3.36402889844668,7
n2500,-2.29178836023261,20
n2506,-2.90512719009219,11
n2510,-2.81638932330843,12
n2523,-1.97968104286878,27
n253,-4.2182609136025,3
n2531,-2.81638932330843,12
n2532,-2.40058675432394,18
n2535,-2.52181158765623,16
n2549,-1.05388347536692,64
n2574,-2.34480010856028,19
n2580,-3.36402889844668,7
n2587,-2.01913326864473,26
n2602,-2.10260251764155,24
n2612,-1.76875772912284,33
n262,-0.986538700526404,68
n2635,-0.342198612863316,119
n2656,-3.92884361178357,4
n2663,-3.51991143906438,6
n2666,-3.22876674281693,8
n2680,-2.90512719009219,11
n2682,-1.67663181284106,36
n2685,-2.90512719009219,11
n2690,-3.00216491085157,10
n2691,-1.83469209599483,31
n2705,-2.34480010856028,19
n2718,-0.861907606166019,76
n2722,-1.12515399712306,60
n2726,-3.10925402987224,9
n2729,-3.00216491085157,10
n2730,-2.06006679230716,25
n2741,-1.94160240624576,28
n2745,-2.34480010856028,19
n2755,-2.06006679230716,25
n2760,-2.73462116602256,13
n2772,-2.65878877372373,14
n2780,-3.10925402987224,9
n2802,-0.970261693449659,69
n2810,-1.3685665290991,48
n2818,-2.58807250110575,15
n2820,-3.22876674281693,8
n2821,-1.51227480678234,42
n2824,-2.65878877372373,14
n2830,-0.512994147404701,103
n2835,-2.65878877372373,14
n2844,-3.22876674281693,8
n2845,-2.73462116602256,13
n2857,-0.938334083571598,71
n2862,-0.414355377885931,112
n287,-2.81638932330843,12
n2871,-2.65878877372373,14
n2875,-2.45946557240675,17
n2878,-2.90512719009219,11
n288,-2.01913326864473,26
n2880,-2.73462116602256,13
n2894,-3.36402889844668,7
n2899,-1.12515399712306,60
n290,-1.61915914781588,38
n2901,-2.65878877372373,14
n2902,-2.45946557240675,17
n2907,-4.62546239996182,2
n2914,-2.45946557240675,17
n2919,-2.81638932330843,12
n2927,-2.01913326864473,26
n2941,-1.32435861872315,50
n2943,-2.14687679098636,23
n2960,-2.06006679230716,25
n2964,-3.51991143906438,6
n300,-3.22876674281693,8
n3000,-2.06006679230716,25
n3011,-0.986538700526404,68
n3017,-1.94160240624576,28
n3019,-2.90512719009219,11
n3026,-2.34480010856028,19
n304,-3.00216491085157,10
n3047,-2.29178836023261,20
n3053,-2.90512719009219,11
n306,-3.70396596678196,5
n3061,-2.14687679098636,23
n3062,-0.619347302609145,94
n3068,-2.90512719009219,11
n3070,-2.40058675432394,18
n3073,-2.65878877372373,14
n3080,-2.65878877372373,14
n3084,-2.73462116602256,13
n31,-1.24063513052395,54
n3108,-1.39131408225435,47
n3116,-2.45946557240675,17
n3119,-3.36402889844668,7
n3120,-0.457325432859196,108
n3141,-2.45946557240675,17
n3149,-1.51227480678234,42
n3153,-2.73462116602256,13
n3161,-2.81638932330843,12
n3165,-2.52181158765623,16
n3171,-3.10925402987224,9
n3175,-0.708374009316723,87
n3181,-2.34480010856028,19
n3184,-3.36402889844668,7
n319,-2.81638932330843,12
n3192,-2.90512719009219,11
n3199,-4.62546239996182,2
n3213,-2.81638932330843,12
n3214,-2.73462116602256,13
n3224,-2.58807250110575,15
n3227,-4.2182609136025,3
n3237,-2.45946557240675,17
n3270,-0.734962635677646,85
n3272,-2.65878877372373,14
n3297,-2.65878877372373,14
n3298,-2.52181158765623,16
n330,-0.938334083571597,71
n3307,-1.59148219783467,39
n3310,-0.789836478032582,81
n3316,-2.73462116602256,13
n3323,-3.70396596678196,5
n3331,-1.80123595697192,32
n3332,-1.2610167111047,53
n3336,-3.51991143906438,6
n3338,-2.14687679098636,23
n3341,-2.90512719009219,11
n3343,-0.414355377885931,112
n3344,-1.83469209599483,31
n3350,-1.53807134094284,41
n3354,-2.29178836023261,20
n3355,-3.00216491085157,10
n3359,-2.90512719009219,11
n3367,-1.46235927362908,44
n3371,-3.22876674281693,8
n3374,-0.607104969305449,95
n3375,-1.08899668187074,62
n3376,-2.10260251764155,24
n3387,-3.51991143906438,6
n3397,0.0751384953318253,167
n3399,-3.00216491085157,10
n3401,-1.24063513052395,54
n3403,0.105311886129367,171
n3406,-2.45946557240675,17
n3408,-0.302560017173244,123
n341,-2.45946557240675,17
n3414,-3.36402889844668,7
n343,-2.40058675432394,18
n3433,-0.708374009316723,87
n344,-3.10925402987224,9
n3468,-2.81638932330843,12
n348,-3.92884361178357,4
n3483,-0.490454369284861,105
n3491,-2.34480010856028,19
n35,-1.43818987385348,45
n3508,-1.30286421198043,51
n3524,-2.52181158765623,16
n3527,-3.51991143906438,6
n3539,-1.67663181284106,36
n3550,-1.97968104286878,27
n3551,-3.00216491085157,10
n3554,-0.861907606166019,76
n3569,-3.36402889844668,7
n3582,-0.594974094894539,96
n3587,-3.10925402987224,9
n3598,-1.61915914781588,38
n3607,-3.10925402987224,9
n3614,-2.52181158765623,16
n3645,-0.535913509034786,101
n3666,-3.51991143906438,6
n3682,-0.970261693449659,69
n3683,-2.10260251764155,24
n369,-2.65878877372373,14
n370,-2.24128070372103,21
n3723,-2.90512719009219,11
n3724,-1.61915914781588,38
n3725,-1.07131371481655,63
n3731,-1.94160240624577,28
n3732,-2.10260251764155,24
n3735,-2.19304414862394,22
n3740,-0.189785021001322,135
n3742,-1.12515399712306,60
n3747,-2.58807250110575,15
n3749,-2.29178836023261,20
n3751,-2.65878877372373,14
n3760,-0.110526299081396,144
n3767,-1.43818987385348,45
n377,-1.61915914781588,38
n3771,-2.73462116602256,13
n3783,-2.10260251764155,24
n3795,-1.64752969557201,37
n3800,-3.00216491085157,10
n3803,-5.32034712090361,1
n381,-1.20089089934672,56
n3825,-3.22876674281693,8
n383,-3.00216491085157,10
n3831,-1.80123595697192,32
n3855,-1.01975027028921,66
n3856,-3.22876674281693,8
n3863,-2.73462116602256,13
n3867,-3.10925402987224,9
n3873,-2.65878877372373,14
n3879,-1.86919023742149,30
n388,-2.58807250110575,15
n3887,-2.73462116602256,13
n3892,-1.70650668077122,35
n3911,-3.10925402987224,9
n3918,-2.81638932330843,12
n392,-2.52181158765623,16
n3921,-2.58807250110575,15
n3924,-2.58807250110575,15
n3937,-1.56446375821739,40
n394,-3.36402889844668,7
n3946,-1.61915914781588,38
n3949,-4.2182609136025,3
n396,-2.34480010856028,19
n3976,-2.65878877372373,14
n3979,-2.29178836023261,20
n3980,-3.22876674281693,8
n399,-2.45946557240675,17
n4007,-2.10260251764155,24
n401,-1.39131408225435,47
n4010,-2.29178836023261,20
n4011,-1.94160240624577,28
n4018,-1.97968104286878,27
n4030,-2.06006679230716,25
n4043,-0.938334083571598,71
n4055,-2.52181158765623,16
n4060,-2.73462116602256,13
n4063,-3.36402889844668,7
n4069,-2.14687679098636,23
n4072,-2.52181158765623,16
n4078,-3.00216491085157,10
n4079,-1.97968104286878,27
n4086,-3.36402889844668,7
n4093,0.393102074399422,213
n410,-1.83469209599483,31
n4110,-4.62546239996182,2
n4119,-3.22876674281693,8
n4120,-2.65878877372373,14
n4126,-3.00216491085157,10
n4128,-0.1540393072117,139
n413,-2.40058675432394,18
n4133,-1.97968104286878,27
n4141,-0.907203168039576,73
n416,-2.65878877372373,14
n4168,-0.524405456153337,102
n4170,-3.00216491085157,10
n4174,-0.446457291067544,109
n4182,-2.19304414862394,22
n4196,-2.34480010856028,19
n4202,-1.24063513052395,54
n4203,-1.28175512746789,52
n4226,-3.10925402987224,9
n4232,-1.1624260485613,58
n4234,-3.36402889844668,7
n4258,-2.81638932330843,12
n426,-3.36402889844668,7
n4265,-1.12515399712306,60
n4267,-2.01913326864473,26
n4268,-2.81638932330843,12
n4282,-2.10260251764155,24
n4284,-1.43818987385348,45
n4285,-3.36402889844668,7
n4292,-3.00216491085157,10
n4295,-2.14687679098636,23
n4297,-3.10925402987224,9
n43,-2.19304414862394,22
n4302,-2.10260251764155,24
n4330,-2.73462116602256,13
n4337,-3.00216491085157,10
n4352,-0.876826008826669,75
n4353,-1.20089089934672,56
n4354,-0.490454369284861,105
n4359,-2.73462116602256,13
n4367,-2.90512719009219,11
n4368,-1.41451522733064,46
n4372,-1.83469209599483,31
n4383,-1.4870461441925,43
n4385,-2.81638932330843,12
n4393,-2.90512719009219,11
n4400,-3.36402889844668,7
n4403,-3.22876674281693,8
n4418,-1.97968104286878,27
n4426,-5.32034712090361,1
n4438,-1.86919023742149,30
n4464,-1.67663181284106,36
n4473,-2.58807250110575,15
n4482,-1.30286421198043,51
n4488,-2.65878877372373,14
n4489,-3.10925402987224,9
n4499,-2.24128070372103,21
n4501,-3.36402889844668,7
n4508,-3.22876674281693,8
n4516,-1.86919023742149,30
n453,-2.65878877372373,14
n4532,-2.81638932330843,12
n4541,-2.81638932330843,12
n455,-1.94160240624576,28
n4556,-2.29178836023261,20
n4557,-2.29178836023261,20
n4581,-1.64752969557201,37
n459,-1.39131408225435,47
n4625,-2.40058675432394,18
n4632,-1.43818987385348,45
n4633,-2.24128070372103,21
n4641,-2.81638932330843,12
n4653,-2.52181158765623,16
n4655,-3.51991143906438,6
n4662,-2.65878877372373,14
n4667,-1.51227480678234,42
n4682,-0.891922915838098,74
n4684,-3.22876674281693,8
n4689,-2.06006679230716,25
n4704,-1.59148219783467,39
n4713,-1.94160240624577,28
n4715,-2.19304414862394,22
n4722,-1.08899668187074,62
n4735,-2.34480010856028,19
n4761,-2.06006679230716,25
n4767,-1.46235927362908,44
n4778,-1.12515399712306,60
n4779,-1.94160240624576,28
n4780,-2.73462116602256,13
n4781,-1.97968104286878,27
n4787,-2.10260251764155,24
n4788,-1.00303272350237,67
n4789,-2.24128070372103,21
n4792,-2.45946557240675,17
n4796,-3.00216491085157,10
n4799,-1.83469209599483,31
n481,-3.51991143906438,6
n4815,-1.90480099215796,29
n4821,-1.24063513052395,54
n4850,-2.58807250110575,15
n4862,-1.86919023742149,30
n4864,-2.73462116602256,13
n4865,-2.40058675432394,18
n4867,-2.52181158765623,16
n487,-3.22876674281693,8
n4874,-2.45946557240675,17
n4885,-2.58807250110575,15
n4889,-3.00216491085157,10
n4892,-2.14687679098636,23
n4895,-2.45946557240675,17
n491,-0.582952379119753,97
n4915,-2.90512719009219,11
n4917,-0.734962635677647,85
n4921,-3.10925402987224,9
n4953,-3.00216491085157,10
n4958,-2.52181158765623,16
n4959,-2.40058675432394,18
n4966,-3.00216491085157,10
n4968,-2.45946557240675,17
n4990,-0.970261693449659,69
n5009,-1.22059731475611,55
n501,-1.70650668077122,35
n5010,-2.65878877372373,14
n5018,-2.81638932330843,12
n5021,-2.14687679098636,23
n5027,-1.59148219783467,39
n5051,-2.10260251764155,24
n5052,-3.36402889844668,7
n5069,-2.10260251764155,24
n5073,-0.789836478032582,81
n5079,-2.01913326864473,26
n5086,-2.19304414862394,22
n5091,-1.90480099215796,29
n5101,-2.52181158765623,16
n5108,-1.94160240624577,28
n511,-1.97968104286878,27
n5121,-1.51227480678235,42
n5147,-1.67663181284106,36
n5158,-3.51991143906438,6
n5162,-1.2610167111047,53
n5191,-2.29178836023261,20
n5208,-1.4870461441925,43
n5213,-2.10260251764155,24
n5223,-2.10260251764155,24
n5228,-0.594974094894539,96
n5229,-2.34480010856028,19
n5253,-3.36402889844668,7
n5259,-1.94160240624576,28
n5289,-2.19304414862394,22
n5294,-2.01913326864473,26
n5297,-1.24063513052395,54
n5303,-0.145235260885016,140
n5312,-1.86919023742149,30
n5328,-3.51991143906438,6
n5345,-1.67663181284106,36
n5348,-2.45946557240675,17
n535,-1.61915914781588,38
n5357,-2.90512719009219,11
n5374,-1.64752969557201,37
n5392,-3.36402889844668,7
n5404,-3.10925402987224,9
n5425,-2.24128070372103,21
n5435,-1.67663181284106,36
n5447,-2.45946557240675,17
n5458,-4.2182609136025,3
n5464,-2.10260251764155,24
n5475,-2.19304414862394,22
n5487,-0.986538700526404,68
n5497,-2.52181158765623,16
n5499,-1.32435861872315,50
n55,-2.24128070372103,21
n550,-2.52181158765623,16
n5503,-2.40058675432394,18
n5522,-1.00303272350237,67
n5523,-1.32435861872315,50
n5525,-2.40058675432394,18
n5528,-1.12515399712306,60
n5549,-2.58807250110575,15
n5554,-2.81638932330843,12
n5555,-1.56446375821739,40
n5558,-3.36402889844668,7
n5567,-1.80123595697192,32
n558,-2.73462116602256,13
n5580,-3.00216491085157,10
n5590,-2.90512719009219,11
n5600,-2.52181158765623,16
n5602,-2.58807250110575,15
n5604,-2.24128070372103,21
n5612,-3.22876674281693,8
n5614,-2.19304414862394,22
n5621,-1.64752969557201,37
n5629,-4.62546239996182,2
n5632,-3.92884361178356,4
n5634,-1.90480099215796,29
n5638,0.220741448674841,187
n5648,-2.14687679098636,23
n565,-3.70396596678196,5
n5653,-2.90512719009219,11
n5664,-0.535913509034786,101
n5675,-2.45946557240675,17
n5678,-2.65878877372373,14
n5693,-2.24128070372103,21
n5694,-1.86919023742149,30
n57,-1.67663181284106,36
n5705,-1.64752969557201,37
n5706,-0.970261693449659,69
n5722,-1.01975027028921,66
n5748,-2.14687679098636,23
n5749,-1.20089089934672,56
n5759,-0.847163056743153,77
n5770,-2.40058675432394,18
n5772,-2.06006679230716,25
n5775,-3.10925402987224,9
n5786,-3.22876674281693,8
n5790,-2.29178836023261,20
n5794,-1.97968104286878,27
n5795,-2.73462116602256,13
n5809,-1.51227480678234,42
n5812,-1.94160240624577,28
n5814,-2.73462116602256,13
n5824,-1.28175512746789,52
n5843,-0.891922915838098,74
n5844,-2.52181158765623,16
n5858,-3.10925402987224,9
n5876,-2.10260251764155,24
n5877,-0.669479874999708,90
n5882,-0.547520222996008,100
n5896,-1.76875772912284,33
n5902,-3.36402889844668,7
n5904,-3.10925402987224,9
n5906,-2.45946557240675,17
n5916,-3.92884361178356,4
n5932,-1.4870461441925,43
n5934,-2.90512719009219,11
n5943,-2.34480010856028,19
n5954,-3.10925402987224,9
n5959,-1.76875772912284,33
n5962,-2.73462116602256,13
n5978,-2.65878877372373,14
n5988,-1.86919023742149,30
n5996,-2.14687679098636,23
n5998,-1.90480099215796,29
n6,-2.52181158765623,16
n6002,-3.22876674281693,8
n6007,-0.254503637357375,128
n6026,-1.80123595697192,32
n6027,-1.20089089934672,56
n6034,-3.36402889844668,7
n6056,-1.12515399712306,60
n6065,-1.05388347536692,64
n6069,-0.619347302609146,94
n6081,-2.10260251764155,24
n6084,-2.81638932330843,12
n6086,-2.58807250110575,15
n6090,-5.32034712090361,1
n6111,-3.00216491085157,10
n6125,-2.58807250110575,15
n6127,-1.4870461441925,43
n6130,-3.22876674281693,8
n6149,-2.24128070372103,21
n615,-2.45946557240675,17
n6155,-1.80123595697192,32
n6156,-1.01975027028921,66
n6158,-1.56446375821739,40
n6165,-0.818177803629651,79
n6168,-2.58807250110575,15
n6171,-3.00216491085157,10
n6183,-2.24128070372103,21
n6187,-1.80123595697192,32
n619,-2.29178836023261,20
n6203,-1.08899668187074,62
n6204,-2.40058675432394,18
n621,-2.34480010856028,19
n6210,-2.81638932330843,12
n6211,-2.10260251764155,24
n6222,-1.73719906213548,34
n6223,-3.10925402987224,9
n6232,-0.970261693449659,69
n6237,-2.29178836023261,20
n6239,-1.32435861872315,50
n6250,-3.22876674281693,8
n6251,-4.2182609136025,3
n6262,-2.40058675432394,18
n6276,-3.22876674281693,8
n6290,-3.22876674281693,8
n6296,-2.81638932330843,12
n6297,-2.29178836023261,20
n6302,-1.30286421198043,51
n6311,-2.81638932330843,12
n6320,-1.73719906213548,34
n6322,-2.58807250110575,15
n6327,-1.73719906213548,34
n6330,-2.58807250110575,15
n6342,-2.29178836023261,20
n6343,-1.97968104286878,27
n6351,-1.97968104286878,27
n6356,-0.922671806469676,72
n6360,-0.891922915838098,74
n6364,-1.76875772912284,33
n6366,-3.00216491085157,10
n6374,-2.40058675432394,18
n6379,-1.73719906213548,34
n6393,-2.45946557240675,17
n6394,-0.818177803629651,79
n6399,-2.65878877372373,14
n6400,0.248396992992,191
n6401,-1.41451522733064,46
n6410,-1.53807134094284,41
n6411,0.0827349198273191,168
n6418,-2.10260251764155,24
n6438,-3.51991143906438,6
n6451,-1.73719906213548,34
n6452,-2.34480010856028,19
n6460,-0.876826008826669,75
n6464,-2.45946557240675,17
n6474,-2.81638932330843,12
n6496,-1.97968104286878,27
n65,-2.29178836023261,20
n6503,-1.12515399712306,60
n6532,-2.14687679098636,23
n6534,-2.52181158765623,16
n6546,-1.64752969557201,37
n6548,-2.34480010856028,19
n6554,-3.36402889844668,7
n6555,-2.58807250110575,15
n6559,-0.832587889373938,78
n6562,-2.73462116602256,13
n6573,-2.65878877372373,14
n6576,-3.22876674281693,8
n6582,-0.734962635677646,85
n6590,-2.73462116602256,13
n6596,-2.90512719009219,11
n6605,-1.14364598793189,59
n6608,-1.90480099215796,29
n6621,-2.24128070372103,21
n6623,-2.01913326864473,26
n6625,-3.10925402987224,9
n6639,-1.20089089934672,56
n6641,-0.847163056743153,77
n6656,-1.3462538899008,49
n6657,-2.65878877372373,14
n6679,-2.73462116602256,13
n6684,-1.41451522733064,46
n6700,-2.81638932330843,12
n6708,-2.45946557240675,17
n6709,-0.970261693449659,69
n6711,-2.24128070372104,21
n6723,-2.81638932330843,12
n6728,-1.80123595697192,32
n6733,-2.58807250110575,15
n6747,-2.29178836023261,20
n6749,-2.10260251764155,24
n6774,-1.59148219783467,39
n6783,-1.83469209599483,31
n6795,-3.00216491085157,10
n6799,-2.58807250110575,15
n6810,-2.45946557240675,17
n6814,-3.00216491085157,10
n6819,-1.30286421198043,51
n682,-2.52181158765623,16
n6848,-0.382976401723129,115
n6853,-2.06006679230716,25
n6860,-2.01913326864473,26
n6867,-3.00216491085157,10
n6869,-1.30286421198043,51
n6872,-2.73462116602256,13
n6873,-3.36402889844668,7
n6878,-2.81638932330843,12
n6889,-2.19304414862394,22
n6891,-2.01913326864473,26
n6893,-2.73462116602256,13
n6898,-2.19304414862394,22
n6899,-1.90480099215796,29
n6901,-1.59148219783467,39
n6907,-2.90512719009219,11
n6910,-0.571037592326549,98
n6922,-2.81638932330843,12
n6926,-2.58807250110575,15
n693,-1.8691902374215,30
n6932,-1.1624260485613,58
n6937,-2.58807250110575,15
n6942,-1.97968104286878,27
n6947,-2.34480010856028,19
n6952,-1.00303272350237,67
n6972,-3.10925402987224,9
n6973,-1.73719906213548,34
n6974,-0.775897416360579,82
n6978,-0.424973771222145,111
n6980,-1.83469209599483,31
n6987,-2.90512719009219,11
n6994,-0.775897416360579,82
n6998,-2.65878877372373,14
n7001,-3.10925402987224,9
n7012,-0.535913509034786,101
n7021,-1.97968104286878,27
n7026,-2.90512719009219,11
n7029,-1.83469209599483,31
n7034,-2.06006679230716,25
n704,-2.10260251764155,24
n7050,-1.43818987385348,45
n7053,-4.2182609136025,3
n7054,-2.73462116602256,13
n7073,-2.58807250110575,15
n7082,-3.10925402987224,9
n7084,-2.06006679230716,25
n7089,-1.46235927362908,44
n7092,-1.01975027028921,66
n7102,-1.80123595697192,32
n7111,-2.52181158765623,16
n7112,-1.70650668077122,35
n7130,-3.92884361178356,4
n7140,-0.446457291067544,109
n7141,-2.65878877372373,14
n7142,-3.10925402987224,9
n7155,-3.00216491085157,10
n7158,-1.46235927362908,44
n7164,-2.40058675432394,18
n7172,-0.382976401723129,115
n7173,-2.45946557240675,17
n7204,-0.424973771222145,111
n7207,-3.00216491085157,10
n7209,-1.76875772912284,33
n7214,-3.51991143906438,6
n7217,-2.19304414862394,22
n7237,-0.501677721219862,104
n7255,-3.00216491085157,10
n7265,-1.76875772912284,33
n7269,-2.19304414862394,22
n7272,-2.34480010856028,19
n728,-2.06006679230716,25
n7286,-2.06006679230716,25
n7287,-1.70650668077122,35
n7312,-1.94160240624576,28
n7316,-1.90480099215796,29
n7321,-2.58807250110575,15
n7323,-2.73462116602256,13
n7326,-1.3462538899008,49
n7348,-2.29178836023261,20
n7349,-2.40058675432394,18
n7354,-2.24128070372103,21
n7368,-3.10925402987224,9
n7372,-2.52181158765623,16
n7376,-2.81638932330843,12
n7380,-2.81638932330843,12
n7398,-2.24128070372103,21
n7402,-3.36402889844668,7
n7407,-2.29178836023261,20
n7419,-0.1540393072117,139
n7424,-1.97968104286878,27
n7431,-2.58807250110575,15
n7436,-2.52181158765623,16
n7440,-2.34480010856028,19
n7441,-1.41451522733064,46
n745,-2.65878877372373,14
n7453,-2.45946557240675,17
n7458,-2.29178836023261,20
n7464,-0.803928661240424,80
n7468,-2.45946557240675,17
n7477,-1.00303272350237,67
n7481,-3.10925402987224,9
n7482,-2.34480010856028,19
n7488,-0.876826008826669,75
n749,-1.43818987385348,45
n7498,-1.39131408225435,47
n7503,-1.94160240624577,28
n7533,-2.81638932330843,12
n7534,-1.94160240624576,28
n7539,-2.81638932330843,12
n7558,-3.10925402987224,9
n7562,-2.52181158765623,16
n7564,-2.34480010856028,19
n7571,-2.19304414862394,22
n7574,-2.10260251764155,24
n7577,-3.36402889844668,7
n7578,-2.58807250110575,15
n7583,-1.94160240624577,28
n7589,-2.58807250110575,15
n7590,-2.52181158765623,16
n7597,-1.64752969557201,37
n7598,-1.70650668077122,35
n7602,-2.45946557240675,17
n7605,-1.3685665290991,48
n7625,-3.10925402987224,9
n7631,-2.90512719009219,11
n7632,-2.45946557240675,17
n7634,-2.81638932330843,12
n7638,-2.34480010856028,19
n7643,-1.07131371481655,63
n7644,-0.669479874999708,90
n7646,-2.19304414862394,22
n7650,-2.40058675432394,18
n7657,-2.10260251764155,24
n7662,-2.40058675432394,18
n7666,-1.4870461441925,43
n7681,-0.669479874999708,90
n7685,-1.86919023742149,30
n7691,-2.81638932330843,12
n7703,-2.90512719009219,11
n7704,-1.59148219783467,39
n7713,-2.90512719009219,11
n7724,-1.64752969557201,37
n7725,-4.2182609136025,3
n7727,-3.22876674281693,8
n7730,-1.56446375821739,40
n7746,-2.19304414862394,22
n7764,-2.65878877372373,14
n7778,-2.06006679230716,25
n7779,-1.4870461441925,43
n7789,-1.18150417633145,57
n7795,-2.14687679098636,23
n7796,-3.51991143906438,6
n7805,-3.22876674281693,8
n7806,-1.83469209599483,31
n7821,-2.10260251764155,24
n7823,-3.70396596678197,5
n7825,-2.01913326864473,26
n7827,-2.52181158765623,16
n7829,-3.10925402987224,9
n783,-2.45946557240675,17
n7854,-2.73462116602256,13
n7866,-3.10925402987224,9
n7884,-0.775897416360579,82
n7889,-2.19304414862394,22
n79,-1.94160240624576,28
n7906,-2.45946557240675,17
n7912,0.206742666043682,185
n7914,-3.10925402987224,9
n7923,-1.46235927362908,44
n7926,-2.52181158765623,16
n7929,-4.2182609136025,3
n7933,-3.22876674281693,8
n7935,-1.59148219783467,39
n7940,-3.92884361178357,4
n7948,-1.43818987385348,45
n7955,-2.40058675432394,18
n7959,-3.00216491085157,10
n7973,-2.81638932330843,12
n7974,-2.29178836023261,20
n7975,-1.12515399712306,60
n7977,-2.65878877372373,14
n7990,-1.39131408225435,47
n7991,-0.922671806469675,72
n7992,-1.3462538899008,49
n7998,-2.34480010856028,19
n8003,-3.51991143906438,6
n8007,-0.362440276021219,117
n8016,-1.14364598793189,59
n8020,-3.22876674281693,8
n8021,-3.70396596678197,5
n8022,-2.73462116602256,13
n8030,-1.94160240624577,28
n8035,-2.58807250110575,15
n8036,-2.73462116602256,13
n8039,-2.29178836023261,20
n8058,-2.81638932330843,12
n8063,-3.51991143906438,6
n8064,-4.2182609136025,3
n8065,-1.2610167111047,53
n8072,-0.656767182146363,91
n8077,-0.789836478032582,81
n8099,-0.734962635677646,85
n8125,-2.34480010856028,19
n8142,-1.90480099215796,29
n8147,-0.938334083571598,71
n8166,-2.90512719009219,11
n8169,-1.28175512746789,52
n8172,-1.76875772912284,33
n8173,-1.51227480678234,42
n8194,-2.19304414862394,22
n8200,-1.24063513052395,54
n8201,-1.24063513052395,54
n8226,-1.51227480678234,42
n8230,-1.67663181284106,36
n8243,-2.40058675432394,18
n8244,-2.58807250110575,15
n8247,-3.51991143906438,6
n8250,-2.29178836023261,20
n8255,-2.45946557240675,17
n8257,-2.58807250110575,15
n8259,-3.10925402987224,9
n8269,-3.00216491085157,10
n8270,-2.65878877372373,14
n8271,-2.29178836023261,20
n8280,-2.10260251764155,24
n8288,-0.847163056743153,77
n8291,-2.81638932330843,12
n8293,-0.922671806469676,72
n8301,-3.10925402987224,9
n8305,-2.40058675432394,18
n8324,-2.24128070372103,21
n833,-2.52181158765623,16
n8330,-2.58807250110575,15
n8340,-1.41451522733064,46
n8342,0.082734919827319,168
n8346,-3.22876674281693,8
n8351,-1.67663181284106,36
n8356,-3.00216491085157,10
n8358,-2.73462116602256,13
n8362,-3.22876674281693,8
n8375,-3.92884361178357,4
n8381,-2.29178836023261,20
n8382,-1.83469209599483,31
n8392,-0.619347302609145,94
n8403,-2.73462116602256,13
n8417,-3.51991143906438,6
n8422,-1.86919023742149,30
n8425,-2.34480010856028,19
n8428,-2.81638932330843,12
n8433,-2.90512719009219,11
n8436,-0.938334083571598,71
n8442,-2.40058675432394,18
n8444,-1.08899668187074,62
n8457,-1.76875772912284,33
n8460,-0.468279909145745,107
n8461,-2.65878877372373,14
n8462,-2.58807250110575,15
n8465,-0.512994147404701,103
n8468,-2.81638932330843,12
n8472,-3.10925402987224,9
n8479,-2.40058675432394,18
n8488,-1.70650668077122,35
n8490,-2.45946557240675,17
n8506,-2.45946557240675,17
n8519,-2.58807250110575,15
n8529,-2.10260251764155,24
n8530,-2.29178836023261,20
n8535,-1.97968104286878,27
n854,-1.86919023742149,30
n8541,-2.73462116602256,13
n8552,-3.10925402987224,9
n8572,-1.3685665290991,48
n8573,-2.65878877372373,14
n8580,-1.80123595697192,32
n8585,-2.19304414862394,22
n8589,-1.67663181284106,36
n8597,-2.65878877372373,14
n8601,-2.52181158765623,16
n8603,-2.81638932330843,12
n8605,-1.83469209599483,31
n8606,-2.14687679098636,23
n8613,-1.43818987385348,45
n8625,-0.393358084411766,114
n8634,-2.65878877372373,14
n8637,-3.36402889844668,7
n8653,-2.65878877372373,14
n8655,-3.00216491085157,10
n8665,-1.10694057450043,61
n8669,-1.07131371481655,63
n8677,-1.73719906213548,34
n8678,-1.90480099215796,29
n8681,-1.83469209599483,31
n8684,-2.65878877372373,14
n8687,-1.2610167111047,53
n8689,-3.36402889844668,7
n8691,-3.00216491085157,10
n8704,-0.762107777997569,83
n8720,-1.53807134094284,41
n8721,-3.36402889844668,7
n8730,-2.81638932330843,12
n8732,-2.81638932330843,12
n8735,-2.10260251764155,24
n8741,-3.22876674281693,8
n8743,-1.28175512746789,52
n8746,-3.92884361178357,4
n8750,-3.10925402987224,9
n8752,-2.34480010856028,19
n8753,-3.10925402987224,9
n8783,-2.52181158765623,16
n8785,-2.34480010856028,19
n8786,-1.70650668077122,35
n8787,-1.2610167111047,53
n8790,-2.34480010856028,19
n8794,-1.05388347536692,64
n8798,-2.45946557240675,17
n8801,-1.46235927362908,44
n8805,-2.73462116602256,13
n8813,-2.65878877372373,14
n8821,-5.32034712090361,1
n8825,-1.97968104286878,27
n8826,-2.58807250110575,15
n8839,-2.19304414862394,22
n8842,-2.65878877372373,14
n8843,-2.90512719009219,11
n8854,-1.94160240624577,28
n8859,-1.76875772912284,33
n8862,-2.40058675432394,18
n8874,-2.90512719009219,11
n8876,-3.00216491085157,10
n8877,-1.3685665290991,48
n8878,-2.58807250110575,15
n8886,-3.36402889844668,7
n8887,-0.986538700526404,68
n8902,-3.00216491085157,10
n8903,-0.414355377885931,112
n8906,-2.58807250110575,15
n8909,-1.20089089934672,56
n8911,-2.73462116602256,13
n8917,-2.40058675432394,18
n8926,-1.24063513052395,54
n8930,-0.490454369284861,105
n8935,-3.10925402987224,9
n8936,-2.73462116602256,13
n8945,-2.81638932330843,12
n8947,-1.56446375821739,40
n8951,-1.53807134094284,41
n8953,-2.29178836023261,20
n8969,-0.226416262613587,131
n8974,-0.832587889373938,78
n8980,-2.40058675432394,18
n8988,-2.24128070372103,21
n8994,-2.90512719009219,11
n8997,-0.312366964966353,122
n9014,-2.06006679230716,25
n9038,-1.51227480678234,42
n9044,-2.10260251764155,24
n9050,-2.58807250110575,15
n9080,-2.24128070372103,21
n9090,-2.45946557240675,17
n9092,-0.217172517753166,132
n9093,-1.64752969557201,37
n9100,-1.64752969557201,37
n9104,-1.83469209599483,31
n9117,-2.24128070372103,21
n9118,-2.06006679230716,25
n9120,-3.22876674281693,8
n9127,-2.73462116602256,13
n9131,-2.81638932330843,12
n9133,-0.631703468688953,93
n9135,-3.00216491085157,10
n9136,-3.00216491085157,10
n9170,-4.2182609136025,3
n9178,-2.14687679098636,23
n9204,-2.65878877372373,14
n9210,-3.10925402987224,9
n9214,-1.03669814678652,65
n9238,-3.51991143906438,6
n9239,-1.86919023742149,30
n9247,-2.24128070372103,21
n9253,-1.03669814678652,65
n9258,-1.97968104286878,27
n9278,-1.61915914781588,38
n9288,-1.30286421198043,51
n9294,-2.58807250110575,15
n9306,-2.73462116602256,13
n9310,-2.73462116602256,13
n9312,-4.2182609136025,3
n9331,-2.45946557240675,17
n9337,-2.90512719009219,11
n9341,-2.19304414862394,22
n9345,-1.43818987385348,45
n9346,-3.36402889844668,7
n9350,-2.19304414862394,22
n9352,-2.40058675432394,18
n9360,-3.51991143906438,6
n9383,-1.18150417633145,57
n9384,-2.34480010856028,19
n9393,-2.81638932330843,12
n9400,-2.73462116602256,13
n9410,-2.81638932330843,12
n9412,-2.01913326864473,26
n9428,-1.12515399712306,60
n9429,-0.414355377885931,112
n9433,-2.73462116602256,13
n9437,-2.34480010856028,19
n9443,-2.06006679230716,25
n9447,-2.58807250110575,15
n9450,-3.36402889844668,7
n9457,-3.22876674281693,8
n9468,-0.524405456153337,102
n9473,-1.39131408225435,47
n9478,-1.80123595697192,32
n9498,-2.10260251764155,24
n9541,-1.00303272350237,67
n9548,-2.73462116602256,13
n9554,-0.748463997451662,84
n9556,-2.73462116602256,13
n9559,-2.29178836023261,20
n9566,-1.3462538899008,49
n9567,-2.52181158765623,16
n9569,-3.51991143906438,6
n9573,-3.51991143906438,6
n9579,-3.51991143906438,6
n9590,-2.90512719009219,11
n9593,-3.70396596678196,5
n9605,-0.803928661240424,80
n9610,-2.45946557240675,17
n9618,-1.64752969557201,37
n9624,-0.876826008826669,75
n9636,-1.86919023742149,30
n9642,-2.90512719009219,11
n9643,-3.51991143906438,6
n9653,-2.81638932330843,12
n9656,-1.30286421198043,51
n9662,-1.76875772912284,33
n9666,-4.2182609136025,3
n9671,-2.14687679098636,23
n9675,-3.00216491085157,10
n9684,-0.559227572591565,99
n9690,0.262058600103755,193
n9693,-2.65878877372373,14
n9694,-1.80123595697192,32
n9696,-2.14687679098636,23
n9707,-2.19304414862394,22
n9717,-1.64752969557201,37
n9718,-2.01913326864473,26
n9742,-2.58807250110575,15
n9745,-2.24128070372103,21
n9751,-3.00216491085157,10
n9755,-1.94160240624576,28
n9765,-2.90512719009219,11
n9768,-4.2182609136025,3
n9774,-3.22876674281693,8
n9785,-0.424973771222145,111
n9805,-1.12515399712306,60
n9811,-3.00216491085157,10
n9812,-2.73462116602256,13
n9815,-3.00216491085157,10
n9828,-3.51991143906438,6
n9851,-2.34480010856028,19
n9852,-3.92884361178357,4
n9858,-2.73462116602256,13
n9865,-2.58807250110575,15
n9868,-3.10925402987224,9
n9872,-3.10925402987224,9
n9873,-1.43818987385348,45
n9879,-1.59148219783467,39
n9887,-2.34480010856028,19
n9891,-2.58807250110575,15
n9893,-1.67663181284106,36
n9904,-3.70396596678196,5
n9907,-3.22876674281693,8
n9914,-3.10925402987224,9
n9916,-2.52181158765623,16
n9923,-3.10925402987224,9
n9939,-3.92884361178357,4
n9948,-2.10260251764155,24
n9953,-3.22876674281693,8
n9959,-4.2182609136025,3
n9960,-2.73462116602256,13
n9961,-2.06006679230716,25
n9963,-2.29178836023261,20
n9980,-1.97968104286878,27
n9985,-1.90480099215796,29
n9992,-2.34480010856028,19
n9993,-2.34480010856028,19
n9994,-3.10925402987224,9
